# Copyright (C) 1991-2013 Altera Corporation
# Your use of Altera Corporation's design tools, logic functions 
# and other software and tools, and its AMPP partner logic 
# functions, and any output files from any of the foregoing 
# (including device programming or simulation files), and any 
# associated documentation or information are expressly subject 
# to the terms and conditions of the Altera Program License 
# Subscription Agreement, Altera MegaCore Function License 
# Agreement, or other applicable license agreement, including, 
# without limitation, that your use is for the sole purpose of 
# programming logic devices manufactured by Altera and sold by 
# Altera or its authorized distributors.  Please refer to the 
# applicable agreement for further details.

# Quartus II 64-Bit Version 13.1.0 Build 162 10/23/2013 SJ Web Edition
# File: C:\Users\Ece\Desktop\3_spring\projerom\white.csv
# Generated on: Thu Jul 08 18:09:24 2021

# Note: The column header names should not be changed if you wish to import this .csv file into the Quartus II software.

To,Direction,Location,I/O Bank,VREF Group,I/O Standard,Reserved,Current Strength,Slew Rate,Differential Pair,Transceiver Analog Settings Protocol,VCCR_GXB/VCCT_GXB Voltage,Transceiver I/O Pin Termination,Transceiver Dedicated Refclk Pin Termination,Transmitter Common Mode Driver Voltage,Transmitter Slew Rate Control,Transmitter Differential Output Voltage,Receiver Buffer Common Mode Voltage
CLOCK_50,Input,PIN_AF14,3B,B3B_N0,,,,,,,,,,,,,
KEY[3],Input,PIN_Y16,3B,B3B_N0,,,,,,,,,,,,,
KEY[2],Input,PIN_W15,3B,B3B_N0,,,,,,,,,,,,,
KEY[1],Input,PIN_AA15,3B,B3B_N0,,,,,,,,,,,,,
KEY[0],Input,PIN_AA14,3B,B3B_N0,,,,,,,,,,,,,
LEDR[9],Output,PIN_Y21,5A,B5A_N0,,,,,,,,,,,,,
LEDR[8],Output,PIN_W21,5A,B5A_N0,,,,,,,,,,,,,
LEDR[7],Output,PIN_W20,5A,B5A_N0,,,,,,,,,,,,,
LEDR[6],Output,PIN_Y19,4A,B4A_N0,,,,,,,,,,,,,
LEDR[5],Output,PIN_W19,4A,B4A_N0,,,,,,,,,,,,,
LEDR[4],Output,PIN_W17,4A,B4A_N0,,,,,,,,,,,,,
LEDR[3],Output,PIN_V18,4A,B4A_N0,,,,,,,,,,,,,
LEDR[2],Output,PIN_V17,4A,B4A_N0,,,,,,,,,,,,,
LEDR[1],Output,PIN_W16,4A,B4A_N0,,,,,,,,,,,,,
LEDR[0],Output,PIN_V16,4A,B4A_N0,,,,,,,,,,,,,
VGA_B[7],Output,PIN_J14,8A,B8A_N0,,,,,,,,,,,,,
VGA_B[6],Output,PIN_G15,8A,B8A_N0,,,,,,,,,,,,,
VGA_B[5],Output,PIN_F15,8A,B8A_N0,,,,,,,,,,,,,
VGA_B[4],Output,PIN_H14,8A,B8A_N0,,,,,,,,,,,,,
VGA_B[3],Output,PIN_F14,8A,B8A_N0,,,,,,,,,,,,,
VGA_B[2],Output,PIN_H13,8A,B8A_N0,,,,,,,,,,,,,
VGA_B[1],Output,PIN_G13,8A,B8A_N0,,,,,,,,,,,,,
VGA_B[0],Output,PIN_B13,8A,B8A_N0,,,,,,,,,,,,,
VGA_BLANK_N,Output,PIN_F10,8A,B8A_N0,,,,,,,,,,,,,
VGA_CLK,Output,PIN_A11,8A,B8A_N0,,,,,,,,,,,,,
VGA_G[7],Output,PIN_E11,8A,B8A_N0,,,,,,,,,,,,,
VGA_G[6],Output,PIN_F11,8A,B8A_N0,,,,,,,,,,,,,
VGA_G[5],Output,PIN_G12,8A,B8A_N0,,,,,,,,,,,,,
VGA_G[4],Output,PIN_G11,8A,B8A_N0,,,,,,,,,,,,,
VGA_G[3],Output,PIN_G10,8A,B8A_N0,,,,,,,,,,,,,
VGA_G[2],Output,PIN_H12,8A,B8A_N0,,,,,,,,,,,,,
VGA_G[1],Output,PIN_J10,8A,B8A_N0,,,,,,,,,,,,,
VGA_G[0],Output,PIN_J9,8A,B8A_N0,,,,,,,,,,,,,
VGA_HS,Output,PIN_B11,8A,B8A_N0,,,,,,,,,,,,,
VGA_R[7],Output,PIN_F13,8A,B8A_N0,,,,,,,,,,,,,
VGA_R[6],Output,PIN_E12,8A,B8A_N0,,,,,,,,,,,,,
VGA_R[5],Output,PIN_D12,8A,B8A_N0,,,,,,,,,,,,,
VGA_R[4],Output,PIN_C12,8A,B8A_N0,,,,,,,,,,,,,
VGA_R[3],Output,PIN_B12,8A,B8A_N0,,,,,,,,,,,,,
VGA_R[2],Output,PIN_E13,8A,B8A_N0,,,,,,,,,,,,,
VGA_R[1],Output,PIN_C13,8A,B8A_N0,,,,,,,,,,,,,
VGA_R[0],Output,PIN_A13,8A,B8A_N0,,,,,,,,,,,,,
VGA_VS,Output,PIN_D11,8A,B8A_N0,,,,,,,,,,,,,
sw1,Input,PIN_AC12,3A,B3A_N0,,,,,,,,,,,,,
sw2,Input,PIN_AF9,3A,B3A_N0,,,,,,,,,,,,,
